Topic,Name,Docs,% Corpus,Coherencia_NPMI,Articulos_Representativos,Tagline_Representativo,URL_Articulo
0,"político, política, electoral, candidato",472,13.27,0.2639,El desafío de gobernar una sociedad rota,El regreso del peronismo,https://www.revistaanfibia.com/el-desafio-de-gobernar-una-sociedad-rota/
3,"literario, escritora, autor, literatura",240,6.75,0.3031,Todos anfibios,Al rescate,https://www.revistaanfibia.com/todos-anfibios/
1,"feminismo, feminista, patriarcado, masculinidad",217,6.1,0.2869,"Ni machos, ni fachos",Una agenda feminista para la Justicia,https://www.revistaanfibia.com/ni-machos-ni-fachos/
6,"asesinato, policía, policial, maldonado",200,5.62,0.2183,El fusilador oculto de Operación Masacre,70 años de los fusilamientos de José León Suárez,https://www.revistaanfibia.com/operacion-masacre-fusilamientos-jose-leon-suarez-desiderio-fernandez-suarez-el-fusilador-oculto/
2,"fifa, futbolista, fútbol, deporte",153,4.3,0.3681,Polaroids de locura ordinaria,Bilardo después de Bilardo,https://www.revistaanfibia.com/polaroids-de-locura-ordinaria/
4,"déficit, deuda, endeudamiento, inflación",152,4.27,0.3114,"Regalos para los grandes, crisis para el resto",Dictamen favorable para la Ley Bases,https://www.revistaanfibia.com/rigi-ley-bases-regalos-para-los-grandes-crisis-para-el-resto/
5,"pedagógico, enseñanza, escolar, educativo",132,3.71,0.2686,La autoridad pedagógica en jaque,Soledad Acuña contra la escuela pública,https://www.revistaanfibia.com/la-autoridad-pedagogica-jaque/
11,"asesino, testimonio, testigo, víctima",96,2.7,0.2465,Aparecidos,El nieto 114,https://www.revistaanfibia.com/aparecidos/
14,"mediático, periodístico, político, periodista",95,2.67,0.1176,Investigar y documentar para que no se repita,Colombia: Informe Final de la Comisión de la Verdad,https://www.revistaanfibia.com/investigar-y-documentar-para-que-no-se-repita/
7,"aborto, abortar, anticonceptivo, embarazo",91,2.56,0.2436,No es obligatorio abortar,La diputada de Cambiemos que apoya la ley,https://www.revistaanfibia.com/no-es-obligatorio-abortar/
8,"epidemia, vacunar, virus, vacuna",86,2.42,0.4062,Sabía que ibas a reaccionar así,Cómo nos comportamos ante la flexibilización,https://www.revistaanfibia.com/sabia-ibas-reaccionar-asi/
30,"sociedad, comunitario, proyecto, comunidad",85,2.39,0.09,"Malvinas, nuestro cubo Rubik","Las islas, narrativas y cultura política",https://www.revistaanfibia.com/malvinas-nuestro-cubo-rubik/
10,"boliviano, bolivia, político, política",84,2.36,0.1782,Una apuesta por vivir bonito,Elecciones presidenciales en Colombia,https://www.revistaanfibia.com/elecciones-en-colombia-petro-una-apuesta-por-vivir-bonito/
12,"economía, económico, futuro, ambiental",84,2.36,0.1354,Nuestro Chernóbil criollo,Los efectos del glifosato,https://www.revistaanfibia.com/glifosato-nuestro-chernobil-criollo/
25,"violencia, feminismo, feminista, violento",79,2.22,0.2013,La violencia no es mentira,Odio antifeminista y narrativa de falsas denuncias,https://www.revistaanfibia.com/pablo-laurta-doble-femicidio-la-violencia-no-es-mentira/
29,"ficción, protagonista, personaje, melodrama",74,2.08,0.167,El tetón patrio de la cultura popular,Moria: la femme fatal del cine argentino,https://www.revistaanfibia.com/el-teton-patrio-de-la-cultura-popular/
9,"político, libertario, política, presidencial",69,1.94,0.224,Fingir demencia,La salud mental del presidente,https://www.revistaanfibia.com/fingir-demencia/
34,"película, personaje, actor, hombre",68,1.91,0.0209,"Roberto Jacoby, el anticipador",Pensamiento Contemporáneo en Rosario,https://www.revistaanfibia.com/roberto-jacoby-el-anticipador/
15,"sindicalismo, reforma, político, política",67,1.88,0.1732,Desde arriba no se ve,La CGT y el paro,https://www.revistaanfibia.com/desde-arriba-no-se-ve/
41,"pobreza, inmobiliario, habitante, pobre",65,1.83,0.1178,"Menos Estado, más clientelismo",Políticas sociales y punteros,https://www.revistaanfibia.com/menos-estado-mas-clientelismo/
19,"periodista, periodístico, periódico, narrativo",63,1.77,0.154,Discípulas de Walsh,Periodismo y feminismo,https://www.revistaanfibia.com/discipulas-de-walsh/
22,"música, musical, músico, rapero",63,1.77,0.3342,"Adiós, Zalo",La voz de la canción cebolla,https://www.revistaanfibia.com/adios-zalo-reyes/
28,"futuro, pandemia, crisis, pensamiento",63,1.77,0.0719,El daño de las pandemias,El Covid y los intelectuales,https://www.revistaanfibia.com/dano-las-pandemias/
13,"papal, catolicismo, arzobispo, católica",58,1.63,0.4778,Menos papistas que el papa,Francisco y la grieta,https://www.revistaanfibia.com/menos-papistas-papa-francisco/
23,"justicia, judicial, juzgado, condenar",57,1.6,0.255,Tan verosímil y tan difícil de creer,Cuadernos y arrepentidos,https://www.revistaanfibia.com/tan-verosimil-y-tan-dificil-de-creer/
17,"innovación, tecnológico, tecno, tecnología",56,1.57,0.172,"Después de la pandemia, el tsunami tecnológico",Industria 4.0 y el futuro del trabajo,https://www.revistaanfibia.com/despues-la-pandemia-tsunami-tecnologico/
24,"arte, artes, art, estética",53,1.49,0.2429,"Moverse igual, mientras todo aplasta",Melisa Zulberti: diario de un proceso creativo,https://www.revistaanfibia.com/posguerra-moverse-igual-mientras-todo-aplasta/
20,"ríos, río, arroyo, agua",49,1.38,0.1744,La desigualdad es inflamable,Radiografía del fuego,https://www.revistaanfibia.com/incendios-desigualdad-inflamable/
38,"bailarín, tango, protagonista, ballet",49,1.38,0.0716,Toda imagen representa un guión,Claves para leer las fotos del fin de semana,https://www.revistaanfibia.com/toda-imagen-representa-un-guion/
16,"brasil, brasilero, brasilia, brasileño",41,1.15,0.1917,El espejo de las izquierdas latinoamericanas,Brasil: el regreso de Lula al poder,https://www.revistaanfibia.com/el-espejo-de-las-izquierdas-latinoamericanas/
39,"morir, muerte, moribundo, cadáver",39,1.1,0.1645,Sin lugar para la muerte,El duelo contemporáneo,https://www.revistaanfibia.com/sin-lugar-para-muerte/
18,"chileno, chile, político, dictadura",37,1.04,0.1592,Quién escribe la historia,Chile: los desafíos de la Convención Constituyente,https://www.revistaanfibia.com/chile-constitucion-quien-escribe-la-historia/
40,"manifestación, feminista, multitud, militante",37,1.04,0.0869,"No es miedo, es determinación",Marcha del Orgullo LGBTIQ,https://www.revistaanfibia.com/no-es-miedo-es-determinacion/
37,"astrónomo, ciencia, universo, teoría",35,0.98,0.0442,Todo está por terminar,"“MANIAC”, ficción científica",https://www.revistaanfibia.com/todo-esta-por-terminar/
26,"fotoperiodismo, retratar, retrato, fotógrafo",35,0.98,0.1954,La fotografía como militancia,Afiches a 40 años del golpe,https://www.revistaanfibia.com/la-fotografia-como-militancia/
31,"digital, internet, tecnología, móvil",35,0.98,0.1073,¿Cuánto tiempo aguantás fuera de línea?,"Abundancia: contenidos, pantallas y ansiedad cultural",https://www.revistaanfibia.com/pantallas-cuanto-tiempo-aguantas-fuera-de-linea/
21,"soviética, soviético, vladimir, rusia",30,0.84,0.4683,Una mutación epocal,De Ucrania a Venezuela,https://www.revistaanfibia.com/una-mutacion-epocal-estados-unidos-rusia-davos/
32,"catástrofe, desastre, tragedia, terremoto",29,0.82,0.1302,ARDIÓ LA POBREZA,Valparaíso,https://www.revistaanfibia.com/ardio-la-pobreza/
36,"holocausto, terrorista, siria, europa",25,0.7,0.1696,Atacar donde se pueda,Atentados en Bruselas,https://www.revistaanfibia.com/atacar-donde-se-pueda/
35,"cubano, cubana, cuba, chile",25,0.7,0.1503,"Una sociedad no se rompe con un estallido, es al revés",¿A dónde irá Cuba después del 11J?,https://www.revistaanfibia.com/una-sociedad-no-se-rompe-estallido-al-reves/
42,"padre, papá, hijo, abuelo",25,0.7,0.1772,Viaje a Rosario de la Frontera,,https://www.revistaanfibia.com/viaje-a-rosario-de-la-frontera/
27,"israel, netanyahu, israelí, palestina",23,0.65,0.5026,La vida imposible,Israel y Hamás en guerra,https://www.revistaanfibia.com/la-vida-imposible-medio-oriente/
33,"submarino, marino, naufragio, océano",20,0.56,0.2584,¿Qué vamos a hacer cuando recuperemos las Malvinas?,La soberanía de las Islas,https://www.revistaanfibia.com/que-vamos-a-hacer-cuando-recuperemos-las-malvinas/
